id,first_name,last_name,email,gender,ip_address
1,Erl,Scafe,escafe0@ameblo.jp,Polygender,191.75.196.188
2,Mathias,Vowels,mvowels1@dagondesign.com,Male,223.35.193.241
3,Abbott,Maltman,amaltman2@over-blog.com,Bigender,58.32.100.22
4,Emanuel,Spurden,espurden3@irs.gov,Bigender,196.164.175.184
5,Adrian,,amorigan4@lycos.com,Bigender,147.7.41.25
6,Katherine,,kreyes5@epa.gov,Genderfluid,12.26.177.158
7,Federico,Stolting,fstolting6@auda.org.au,Agender,230.2.180.141
8,Haywood,Lahrs,hlahrs7@blogs.com,Polygender,117.81.25.43
9,Bernardo,,bsissot8@biglobe.ne.jp,Polygender,2.157.159.123
10,Jefferey,Beilby,jbeilby9@is.gd,Female,25.60.99.194
11,John,Sharple,jsharplea@webeden.co.uk,Female,6.53.250.72
12,Cosetta,Scarman,cscarmanb@dailymotion.com,Male,144.15.193.245
13,Fanny,Arguile,farguilec@gnu.org,Male,169.130.194.64
14,Goldy,Sallis,gsallisd@latimes.com,Female,230.209.54.234
15,Sheena,Derr,sderre@diigo.com,Agender,75.21.197.53
16,Sinclare,Greenhall,sgreenhallf@ca.gov,Genderqueer,56.97.147.216
17,Sutherlan,,sstandong@chicagotribune.com,Bigender,6.22.104.103
18,Gabbey,Yurkin,gyurkinh@yale.edu,Genderqueer,210.221.32.130
19,Gino,Dearle,gdearlei@freewebs.com,Genderfluid,111.75.173.44
20,,Ells,,Non-binary,3.75.168.99
21,Waverley,Nicholas,wnicholask@virginia.edu,Female,246.67.195.91
22,Lainey,,ldambrogil@t-online.de,Agender,117.117.244.161
23,Mortie,Duckitt,mduckittm@microsoft.com,Genderfluid,28.160.144.112
24,Hana,Tayt,htaytn@wisc.edu,Bigender,134.195.25.232
25,,Towll,,Male,159.128.56.248
26,Roley,Dykes,rdykesp@netscape.com,Genderqueer,79.233.131.160
27,Lolly,Lasslett,llasslettq@scientificamerican.com,Male,
28,Jackqueline,Sitford,jsitfordr@quantcast.com,Agender,134.150.152.136
,Tanhya,Bamlett,tbamletts@cdbaby.com,,236.32.91.55
30,Sydelle,Basezzi,sbasezzit@mapy.cz,Genderfluid,114.36.25.24
31,Vince,Race,vraceu@miitbeian.gov.cn,Non-binary,44.201.109.187
32,Roze,Hawthorn,rhawthornv@utexas.edu,Bigender,15.89.208.123
33,Elton,Draycott,edraycottw@spotify.com,Genderqueer,117.172.69.52
34,Brittany,Castellino,bcastellinox@sohu.com,Genderfluid,26.43.48.77
35,Kally,,kpollandy@mapy.cz,Bigender,35.102.173.207
36,Elyssa,Yeskin,eyeskinz@unc.edu,Bigender,154.13.221.26
37,Kaylyn,,kwyrill10@tamu.edu,Genderqueer,221.60.224.37
38,Elfrieda,Whitcomb,ewhitcomb11@constantcontact.com,Non-binary,
39,Harley,Goly,hgoly12@thetimes.co.uk,Bigender,125.161.248.196
40,Tam,Havill,thavill13@jugem.jp,Polygender,82.97.88.245
41,Mikol,Aldhous,maldhous14@godaddy.com,Non-binary,69.156.210.131
42,Pate,Spindler,pspindler15@hubpages.com,Female,245.33.216.11
43,Geordie,Forri,gforri16@4shared.com,Genderfluid,132.170.254.147
44,Godiva,Scolding,gscolding17@bluehost.com,Bigender,186.191.100.20
45,Jodi,Pile,jpile18@flavors.me,Bigender,75.92.80.79
46,Hettie,Redish,hredish19@nature.com,Non-binary,150.199.109.211
47,Estele,Niccols,eniccols1a@upenn.edu,Genderqueer,152.101.14.164
48,Laughton,Webermann,lwebermann1b@stanford.edu,Genderfluid,60.203.0.102
49,Levin,Jeanenet,ljeanenet1c@hugedomains.com,Polygender,128.41.236.142
50,Victoir,Archbutt,varchbutt1d@tripadvisor.com,Male,113.42.160.69
51,Konstantine,Cord,kcord1e@shareasale.com,Agender,150.178.193.205
52,Arley,Wittke,awittke1f@etsy.com,Polygender,39.207.48.66
53,Henriette,Jewess,hjewess1g@fastcompany.com,Agender,233.140.146.231
54,Hermy,Sextie,hsextie1h@independent.co.uk,Genderfluid,69.165.95.110
55,Rhiamon,Files,rfiles1i@sun.com,Female,31.1.43.113
,Jerrold,Burrill,jburrill1j@jugem.jp,,202.22.72.132
57,Esra,Puvia,epuvia1k@tripod.com,Female,52.192.76.83
58,Godfrey,Widdows,gwiddows1l@tripod.com,Non-binary,148.253.120.36
59,Thomasina,Hammel,thammel1m@altervista.org,Polygender,72.56.246.108
60,Dore,Pays,dpays1n@nih.gov,Non-binary,236.2.225.46
61,Bil,Jaycox,bjaycox1o@usda.gov,Female,179.133.123.169
62,Selena,Branchflower,sbranchflower1p@wp.com,Male,183.39.63.156
63,,Shawell,,Agender,124.43.61.44
64,Marge,Elsworth,melsworth1r@tripadvisor.com,Bigender,83.21.23.139
65,Alta,Blakebrough,ablakebrough1s@ucsd.edu,Female,26.142.209.46
66,Georgianne,Betham,gbetham1t@wsj.com,Male,44.242.102.180
67,Lucio,Schneidar,lschneidar1u@phpbb.com,Genderqueer,64.91.206.180
68,Regina,Haste,rhaste1v@tinypic.com,Polygender,68.95.92.19
69,Drusilla,Methley,dmethley1w@photobucket.com,Polygender,18.104.96.43
70,Tate,McDonogh,tmcdonogh1x@csmonitor.com,Polygender,15.81.109.95
71,Nichole,Litster,nlitster1y@bluehost.com,Bigender,93.193.106.143
72,Gunter,Borkett,gborkett1z@phpbb.com,Male,47.110.254.171
73,,Gytesham,,Genderfluid,214.159.244.141
74,Madelena,Shufflebotham,mshufflebotham21@deviantart.com,Non-binary,94.190.247.225
75,Kassia,Roust,kroust22@nba.com,Bigender,127.244.125.49
76,Frederica,Kear,fkear23@usnews.com,Non-binary,129.141.136.92
77,Ruthi,Northleigh,rnorthleigh24@usda.gov,Non-binary,59.147.227.23
78,Angel,Buxcy,abuxcy25@yahoo.co.jp,Non-binary,237.130.124.168
79,Pippy,Lycett,plycett26@nymag.com,Genderqueer,191.166.63.41
80,Marius,Poppleton,mpoppleton27@liveinternet.ru,Genderfluid,48.7.141.36
81,Vicki,Gallanders,vgallanders28@newyorker.com,Genderqueer,47.86.8.191
82,Leshia,Gaffey,lgaffey29@slate.com,Bigender,147.246.50.230
83,Conway,Gounet,cgounet2a@istockphoto.com,Polygender,
84,Samaria,Pennington,spennington2b@vinaora.com,Bigender,109.108.75.12
85,Cathy,Jillings,cjillings2c@phoca.cz,Female,203.30.242.164
86,Thadeus,Connew,tconnew2d@smh.com.au,Non-binary,215.161.186.65
87,Jorey,Hellikes,jhellikes2e@cam.ac.uk,Bigender,7.49.95.43
88,Bobine,Sloyan,bsloyan2f@si.edu,Agender,34.200.237.166
89,Charlotte,Mussett,cmussett2g@wired.com,Polygender,198.253.244.198
90,Martguerita,Cawsey,mcawsey2h@alexa.com,Bigender,42.110.131.195
91,Shalne,Hamsson,shamsson2i@dropbox.com,Female,8.246.73.145
92,Chaddie,Josefs,cjosefs2j@sina.com.cn,Bigender,121.56.74.177
93,Rollin,Vedyaev,rvedyaev2k@msu.edu,Agender,80.217.98.72
94,Marcela,Illsley,millsley2l@gov.uk,Polygender,179.85.129.99
95,Fran,Garnett,fgarnett2m@icio.us,Agender,249.112.235.109
96,Seana,Decort,sdecort2n@cnet.com,Female,249.204.112.180
97,Cheston,Sambrok,csambrok2o@blog.com,Polygender,92.31.10.21
98,Paulita,Lowfill,plowfill2p@epa.gov,Male,29.46.218.99
99,Tracee,Herkess,therkess2q@instagram.com,Agender,177.45.84.114
100,Kimberlee,Oxnam,koxnam2r@gravatar.com,Male,103.205.166.139
101,Chane,McEllen,cmcellen2s@biglobe.ne.jp,Bigender,160.86.104.97
102,Jay,,jalbutt2t@free.fr,Polygender,200.196.165.69
103,Joceline,Messruther,jmessruther2u@nytimes.com,Polygender,151.7.163.20
104,Jayme,Lehr,jlehr2v@marriott.com,Polygender,80.128.121.188
105,Kyle,Giacomi,kgiacomi2w@jimdo.com,Genderqueer,232.35.128.36
106,Meredith,Colquhoun,mcolquhoun2x@thetimes.co.uk,Non-binary,185.242.39.252
107,Ninette,MacRorie,nmacrorie2y@msn.com,Agender,137.224.62.21
108,Eba,Ivashechkin,eivashechkin2z@tripod.com,Female,196.8.99.226
109,Letizia,McPhelim,lmcphelim30@themeforest.net,Genderfluid,158.21.23.250
110,Darcee,Rozenbaum,drozenbaum31@biblegateway.com,Agender,27.136.155.198
111,Hilario,Tidey,htidey32@ft.com,Genderqueer,165.47.157.115
112,Dagny,Skelly,dskelly33@1und1.de,Polygender,35.15.115.218
113,Livia,Conford,lconford34@mashable.com,Female,86.89.183.45
114,Tomkin,Vila,tvila35@ucsd.edu,Male,171.154.27.147
115,Tedie,Cheshire,tcheshire36@phoca.cz,Genderqueer,155.124.149.80
116,Blinny,Dealey,bdealey37@wikispaces.com,Genderqueer,210.67.193.116
117,Norby,Spinney,nspinney38@abc.net.au,Female,96.156.80.11
118,Veronica,Demange,vdemange39@ucsd.edu,Genderfluid,220.6.138.194
119,Lissa,Stonehouse,lstonehouse3a@skype.com,Genderfluid,203.50.120.0
120,Aubree,Humby,ahumby3b@mac.com,Non-binary,66.251.211.71
121,Kariotta,Colbron,kcolbron3c@free.fr,Female,199.145.67.92
122,Jerald,Frensch,jfrensch3d@themeforest.net,Genderfluid,70.242.115.64
123,Isabeau,Heaviside,iheaviside3e@army.mil,Agender,82.40.170.231
124,Norris,Ibel,nibel3f@ox.ac.uk,Polygender,
125,Dean,,dblaza3g@salon.com,Female,47.188.141.46
126,Brice,Rickardsson,brickardsson3h@mtv.com,Male,60.64.196.81
127,Vickie,Hullot,vhullot3i@1688.com,Male,20.210.232.143
128,Dion,Occleshaw,doccleshaw3j@icq.com,Agender,125.58.188.106
129,Christoper,Loffel,cloffel3k@google.com.au,Genderfluid,147.43.53.111
130,Michail,Surmeyers,msurmeyers3l@cbc.ca,Genderqueer,225.160.2.219
131,Gilligan,Brymham,gbrymham3m@cafepress.com,Polygender,44.129.100.64
132,Gennie,Adriano,gadriano3n@alexa.com,Female,218.140.106.238
133,Michael,,mfrape3o@bravesites.com,Genderqueer,36.178.18.171
134,Levi,Everex,leverex3p@slate.com,Male,207.18.22.179
135,Elwin,Hulance,ehulance3q@unc.edu,Bigender,62.165.186.51
136,Bern,Pourvoieur,bpourvoieur3r@indiegogo.com,Genderqueer,75.237.86.184
137,Ruddie,,relnaugh3s@youku.com,Polygender,66.170.219.34
138,Casey,Kinghorne,ckinghorne3t@bigcartel.com,Genderfluid,1.248.8.122
139,Merle,Van der Mark,mvandermark3u@wiley.com,Bigender,250.103.174.89
140,Torrin,,tsimononsky3v@japanpost.jp,Agender,1.189.130.80
141,Irvin,Heineking,iheineking3w@weather.com,Bigender,133.112.228.158
142,Dallas,Innocent,dinnocent3x@pbs.org,Non-binary,249.112.4.150
143,Itch,Merriday,imerriday3y@bbc.co.uk,Polygender,181.252.126.44
144,Daria,Croucher,dcroucher3z@google.com.hk,Genderfluid,21.209.191.218
145,Helenka,Knight,hknight40@xing.com,Genderqueer,76.177.48.37
146,Belia,Portman,bportman41@amazon.co.jp,Female,
147,Louis,Whipp,lwhipp42@hud.gov,Agender,213.53.95.13
148,Leela,Gregoire,lgregoire43@merriam-webster.com,Bigender,94.243.65.137
149,Irita,Jobe,ijobe44@xrea.com,Bigender,213.114.244.155
,Otis,Welchman,owelchman45@engadget.com,,22.80.107.240
151,Ritchie,Jeannesson,rjeannesson46@edublogs.org,Bigender,84.178.3.244
152,Lancelot,Abberley,labberley47@indiatimes.com,Female,126.86.62.131
153,Salli,Hyde-Chambers,shydechambers48@ucoz.ru,Genderqueer,17.154.132.121
154,Kameko,Bayford,kbayford49@earthlink.net,Non-binary,204.165.18.162
155,Devonna,Stutte,dstutte4a@youtu.be,Genderqueer,
156,Jacqueline,Soppeth,jsoppeth4b@woothemes.com,Bigender,37.238.111.199
157,Raviv,Carine,rcarine4c@booking.com,Female,244.57.38.137
158,Hans,Lannin,hlannin4d@bbc.co.uk,Genderqueer,180.166.248.34
159,Lizbeth,Keel,lkeel4e@networkadvertising.org,Non-binary,155.192.168.94
,Sylvia,,scaldeiro4f@cnbc.com,,219.76.186.133
161,Corliss,Maryman,cmaryman4g@blogger.com,Genderfluid,119.213.183.123
162,Harlin,Riveles,hriveles4h@studiopress.com,Male,96.73.196.181
163,Nessa,Swalwell,nswalwell4i@discovery.com,Bigender,52.63.151.23
164,Jeanna,,jstirman4j@surveymonkey.com,Non-binary,213.86.162.246
165,Mignon,Attenbrough,mattenbrough4k@gravatar.com,Bigender,42.240.175.60
166,Isidore,Halliburton,ihalliburton4l@360.cn,Non-binary,79.60.161.108
167,Fara,McAster,fmcaster4m@github.io,Genderqueer,101.124.167.208
168,Silas,Pickworth,spickworth4n@mtv.com,Agender,32.51.214.162
169,Bradney,Jakubovicz,bjakubovicz4o@networkadvertising.org,Genderqueer,
,Eimile,Windle,ewindle4p@census.gov,,78.236.241.239
171,Marielle,Sigsworth,msigsworth4q@posterous.com,Bigender,162.238.234.180
172,Thatcher,Bravery,tbravery4r@narod.ru,Genderqueer,
173,Sherill,Sally,ssally4s@scientificamerican.com,Non-binary,25.160.58.119
174,Angelia,Lynas,alynas4t@facebook.com,Polygender,74.54.125.161
175,Rasla,Jillett,rjillett4u@oakley.com,Male,182.75.170.121
176,Sena,Rajchert,srajchert4v@com.com,Genderqueer,89.191.150.113
177,Noelani,Squire,nsquire4w@amazonaws.com,Female,63.75.44.220
178,Bradney,Laughton,blaughton4x@yelp.com,Genderfluid,196.245.115.206
179,Olivero,,omcroberts4y@tinyurl.com,Non-binary,60.182.215.234
180,Abigale,Bachman,abachman4z@slate.com,Bigender,65.28.114.145
181,Laryssa,Nuzzetti,lnuzzetti50@unc.edu,Polygender,48.64.167.123
182,Basia,Grebert,bgrebert51@lycos.com,Non-binary,254.215.121.99
183,Olympia,Crump,ocrump52@phoca.cz,Genderfluid,65.159.213.245
184,Emilee,Squibb,esquibb53@jigsy.com,Agender,41.110.18.69
185,Montgomery,,mhagston54@merriam-webster.com,Female,114.177.187.21
186,Zane,Nussen,znussen55@harvard.edu,Agender,71.23.187.40
,Duane,Coweuppe,dcoweuppe56@noaa.gov,,133.169.248.130
188,Abbot,Rivilis,arivilis57@berkeley.edu,Genderfluid,13.143.45.104
189,Elwira,Margetson,emargetson58@edublogs.org,Male,
190,Shirley,,sbrolan59@domainmarket.com,Non-binary,
191,Deny,Poynton,dpoynton5a@nbcnews.com,Agender,107.234.212.90
192,Jillie,Ewin,jewin5b@linkedin.com,Bigender,143.39.111.168
193,Finley,Skin,fskin5c@sciencedaily.com,Agender,97.216.235.102
194,Mylo,MacNulty,mmacnulty5d@cbslocal.com,Female,87.54.228.157
195,Melisa,Hatchman,mhatchman5e@goo.gl,Genderqueer,65.160.30.45
196,Ulla,Willoughway,uwilloughway5f@smugmug.com,Genderqueer,138.232.254.148
197,Ario,Dagless,adagless5g@pbs.org,Female,250.87.175.234
198,Regan,Clemont,rclemont5h@booking.com,Polygender,42.218.20.199
199,Basile,Pinhorn,bpinhorn5i@domainmarket.com,Female,39.5.216.166
200,Arie,Ferguson,aferguson5j@theatlantic.com,Genderqueer,228.123.204.101
201,Mahala,,mblint5k@flavors.me,Genderfluid,154.173.61.13
202,Arin,Motte,amotte5l@nymag.com,Agender,
203,Audie,Raggitt,araggitt5m@rambler.ru,Genderqueer,250.154.101.26
,Rollie,,rsandeford5n@noaa.gov,,37.56.101.203
205,Jeff,Heaphy,jheaphy5o@hibu.com,Non-binary,10.28.124.109
206,Aurel,Siemons,asiemons5p@opera.com,Genderfluid,57.99.168.229
207,Joletta,Jessop,jjessop5q@va.gov,Agender,59.70.111.242
208,Jude,Impson,jimpson5r@seesaa.net,Non-binary,13.11.0.225
,Amandie,McNerlin,amcnerlin5s@devhub.com,,213.60.93.243
210,Rustie,Doyland,rdoyland5t@pen.io,Genderfluid,23.58.65.246
211,Zacherie,Bloggett,zbloggett5u@huffingtonpost.com,Female,145.50.179.213
212,Des,Biasioni,dbiasioni5v@last.fm,Polygender,151.246.41.10
213,Eddie,McMeekan,emcmeekan5w@cbsnews.com,Bigender,167.255.0.224
214,Bernadina,,blogesdale5x@hugedomains.com,Non-binary,14.93.231.176
215,Revkah,,rstickel5y@comcast.net,Genderfluid,34.4.53.94
216,Almira,Trevethan,atrevethan5z@spotify.com,Male,94.20.140.228
217,Hashim,Acomb,hacomb60@macromedia.com,Male,116.37.104.178
218,Jennette,Infante,jinfante61@sakura.ne.jp,Polygender,34.79.252.219
219,Byran,Cardenas,bcardenas62@dell.com,Bigender,41.212.96.98
220,Gabby,Towle,gtowle63@bandcamp.com,Female,108.252.190.10
221,Hamlin,Kupka,hkupka64@miitbeian.gov.cn,Bigender,105.33.54.52
,Ara,Francillo,afrancillo65@amazon.co.jp,,166.156.142.96
223,Lulita,Pulsford,lpulsford66@cargocollective.com,Non-binary,94.91.27.55
224,Athena,Binney,abinney67@symantec.com,Genderqueer,147.13.108.102
225,,Croxford,,Agender,223.110.136.174
226,Paige,Faudrie,pfaudrie69@geocities.jp,Male,199.65.163.250
227,Leta,Wingeatt,lwingeatt6a@admin.ch,Genderqueer,2.180.191.156
228,Flori,Renforth,frenforth6b@soundcloud.com,Female,148.48.96.66
229,,Gerrit,,Male,152.159.208.143
230,Sosanna,Passmore,spassmore6d@mysql.com,Agender,183.47.152.130
231,Holden,Gwyneth,hgwyneth6e@mozilla.com,Genderqueer,159.73.159.128
232,Kylila,Fone,kfone6f@acquirethisname.com,Non-binary,110.159.137.87
233,Neely,Frobisher,nfrobisher6g@jigsy.com,Genderfluid,179.244.212.56
234,Daniel,Dorking,ddorking6h@disqus.com,Genderqueer,228.175.173.195
235,Aimil,Coraini,acoraini6i@instagram.com,Male,137.55.35.117
236,Vail,Danihel,vdanihel6j@oracle.com,Female,242.76.133.195
237,Dorothy,Bampkin,dbampkin6k@oracle.com,Female,139.98.201.168
238,Hercule,Dudson,hdudson6l@theguardian.com,Bigender,29.57.171.218
239,Turner,Preble,tpreble6m@cafepress.com,Bigender,97.152.141.242
240,Lillis,Gristock,lgristock6n@wordpress.org,Agender,220.7.161.227
241,Chiquia,Gare,cgare6o@usda.gov,Genderfluid,144.62.233.164
242,Odette,Blagden,oblagden6p@prlog.org,Polygender,243.38.178.144
243,Cesaro,Barns,cbarns6q@free.fr,Male,
244,Matelda,Tyhurst,mtyhurst6r@exblog.jp,Polygender,138.57.20.21
245,Gerry,Letixier,gletixier6s@yellowbook.com,Non-binary,187.187.25.212
246,Gustaf,Antonioni,gantonioni6t@narod.ru,Male,186.58.149.162
247,Peterus,Gandrich,pgandrich6u@nyu.edu,Male,26.77.128.186
248,Vere,Spatig,vspatig6v@mapy.cz,Female,164.150.100.219
249,Jennette,Pordal,jpordal6w@un.org,Male,94.43.34.249
250,Giraud,Johnsson,gjohnsson6x@dmoz.org,Polygender,30.52.209.104
251,Farly,,fborrell6y@oaic.gov.au,Male,174.251.228.48
252,Jeremy,Hearne,jhearne6z@timesonline.co.uk,Genderqueer,13.15.22.61
253,Willabella,Skin,wskin70@umn.edu,Genderqueer,223.35.63.135
254,Diena,Cotterrill,dcotterrill71@desdev.cn,Bigender,232.111.170.169
255,Jaimie,Beushaw,jbeushaw72@opensource.org,Female,182.1.238.196
256,Alecia,Impson,aimpson73@tumblr.com,Bigender,240.20.11.98
257,Linnell,Thresher,lthresher74@4shared.com,Polygender,143.56.17.22
258,Dannie,Mardling,dmardling75@who.int,Genderqueer,36.26.61.99
259,Ira,Winsley,iwinsley76@hud.gov,Male,169.6.247.66
260,Moises,Cryer,mcryer77@google.ru,Agender,192.228.57.169
261,Myranda,Pigott,mpigott78@g.co,Bigender,212.85.51.119
262,Micki,MacRedmond,mmacredmond79@mapquest.com,Male,186.255.129.136
263,Xylina,Searson,xsearson7a@behance.net,Male,206.35.218.103
264,Thorpe,Keal,tkeal7b@dailymail.co.uk,Female,255.38.234.234
265,Katerine,Garett,kgarett7c@delicious.com,Polygender,19.250.246.209
266,Kirbee,Carlson,kcarlson7d@apple.com,Bigender,51.139.36.70
267,Prinz,,pdevinn7e@a8.net,Genderqueer,29.40.211.33
268,Alessandro,Scammell,ascammell7f@yellowbook.com,Genderfluid,100.43.159.23
269,Vale,Cavendish,vcavendish7g@networkadvertising.org,Genderqueer,3.174.11.122
270,Deerdre,Upward,dupward7h@google.co.uk,Bigender,228.77.245.141
271,Karoly,Climar,kclimar7i@businessweek.com,Genderfluid,136.205.57.24
272,Edythe,Brigman,ebrigman7j@berkeley.edu,Genderqueer,63.228.170.141
273,Loella,Greenrde,lgreenrde7k@shutterfly.com,Bigender,45.34.114.59
274,Angeline,Arnald,aarnald7l@ebay.com,Genderfluid,119.246.154.186
275,Robbi,Shotbolt,rshotbolt7m@about.me,Genderfluid,192.232.252.175
276,Dorene,Muckleston,dmuckleston7n@hc360.com,Genderfluid,225.126.250.170
277,Kimbell,Sproat,ksproat7o@skyrock.com,Non-binary,97.158.92.45
278,Sloane,,sjeannin7p@spotify.com,Agender,79.134.235.215
279,Muffin,Ayrs,mayrs7q@jalbum.net,Agender,153.88.185.33
280,Lucky,Gash,lgash7r@pbs.org,Non-binary,5.234.126.87
281,Cthrine,,ccollingdon7s@vkontakte.ru,Polygender,170.90.252.133
282,Roderich,Gammett,rgammett7t@yellowbook.com,Bigender,163.241.114.95
283,August,Drackford,adrackford7u@amazon.com,Male,158.139.178.252
284,Ranique,Bougen,rbougen7v@t.co,Female,30.125.237.26
285,Alyss,Pietraszek,apietraszek7w@digg.com,Genderfluid,52.127.183.130
286,Odella,Waterhous,owaterhous7x@zdnet.com,Non-binary,3.255.106.197
287,Johannah,Scyner,jscyner7y@yandex.ru,Bigender,60.156.64.59
288,Chen,Vallance,cvallance7z@nature.com,Female,129.35.38.68
289,Filip,Ingman,fingman80@baidu.com,Genderqueer,69.157.163.78
290,Coop,Showalter,cshowalter81@facebook.com,Male,248.95.194.24
291,Yorgo,O'Keaveny,yokeaveny82@reverbnation.com,Non-binary,134.235.26.110
292,Gale,Canto,gcanto83@histats.com,Non-binary,180.210.233.7
293,Riordan,Conre,rconre84@tmall.com,Genderqueer,63.195.71.81
,Adele,Matoshin,amatoshin85@boston.com,,114.147.117.36
295,,Burndred,,Genderfluid,235.208.85.248
296,Brewster,Manning,bmanning87@wikipedia.org,Bigender,45.137.146.243
297,Sher,Bleasdille,sbleasdille88@godaddy.com,Male,244.78.28.6
298,Darrelle,Nelthorpe,dnelthorpe89@etsy.com,Bigender,
,Shirleen,Gioani,sgioani8a@wikimedia.org,,188.145.0.111
300,Ansell,Weightman,aweightman8b@thetimes.co.uk,Female,197.47.241.75
301,Michelina,Downton,mdownton8c@zimbio.com,Polygender,171.230.192.183
302,Honoria,Capron,hcapron8d@newyorker.com,Genderfluid,21.176.202.208
303,Bearnard,Giacomello,bgiacomello8e@t.co,Non-binary,111.67.1.209
304,Bearnard,Cholmondeley,bcholmondeley8f@seesaa.net,Female,67.197.50.13
305,Donnie,Rowesby,drowesby8g@amazon.co.jp,Female,68.58.28.47
306,Ericha,Clementi,eclementi8h@webs.com,Non-binary,96.228.96.201
307,Phillipp,Seggie,pseggie8i@indiatimes.com,Polygender,83.64.151.1
308,Aubrey,Noke,anoke8j@umn.edu,Genderqueer,43.141.16.56
309,Dierdre,Swainson,dswainson8k@amazonaws.com,Male,177.192.255.253
310,Franz,Batcheldor,fbatcheldor8l@yellowbook.com,Genderqueer,21.39.37.139
311,Conny,De Stoop,cdestoop8m@wikipedia.org,Genderfluid,74.253.204.107
312,Aldis,Lyles,alyles8n@pen.io,Polygender,30.144.249.197
313,Danica,Truce,dtruce8o@quantcast.com,Non-binary,161.182.51.78
314,Madison,Gounet,mgounet8p@craigslist.org,Bigender,130.174.3.189
315,Cesya,Aronsohn,caronsohn8q@woothemes.com,Male,80.7.133.246
316,Elysia,Fargie,efargie8r@pcworld.com,Male,126.241.192.132
317,Florri,Munn,fmunn8s@t-online.de,Genderfluid,40.2.171.158
318,Wendie,Lamcken,wlamcken8t@weather.com,Male,155.106.137.250
319,Corbett,Pendlenton,cpendlenton8u@usa.gov,Genderqueer,240.103.103.130
320,Katharyn,Richfield,krichfield8v@163.com,Genderqueer,103.155.217.243
321,Mano,Van Arsdall,mvanarsdall8w@istockphoto.com,Bigender,210.46.233.101
322,Nancey,Petrik,npetrik8x@japanpost.jp,Non-binary,142.2.232.203
323,Damaris,Marrian,dmarrian8y@bloglovin.com,Female,61.48.63.74
324,Gare,Simco,gsimco8z@weibo.com,Genderqueer,225.201.9.187
325,Doralynne,Deval,ddeval90@com.com,Genderfluid,210.4.174.144
326,Jeffrey,Martinson,jmartinson91@hao123.com,Male,231.67.52.182
327,Juditha,,jchatfield92@walmart.com,Genderqueer,181.144.206.177
328,Sella,Bootman,sbootman93@webmd.com,Bigender,104.98.31.87
329,Conchita,Schulter,cschulter94@is.gd,Genderqueer,109.65.63.169
330,Berrie,Full,bfull95@narod.ru,Male,36.68.74.217
331,Billy,Woodison,bwoodison96@netlog.com,Bigender,122.110.172.203
332,Evey,,emallett97@noaa.gov,Agender,140.141.218.59
333,Rayner,Dockery,rdockery98@list-manage.com,Genderqueer,75.140.59.199
334,Nertie,Holtum,nholtum99@miitbeian.gov.cn,Genderfluid,171.15.52.239
335,Aloin,Inwood,ainwood9a@indiegogo.com,Male,107.95.203.148
336,,Winwood,,Genderfluid,210.15.26.222
337,Neils,Demare,ndemare9c@moonfruit.com,Agender,181.203.180.75
338,Lonna,Mussettini,lmussettini9d@sogou.com,Genderqueer,98.129.208.106
339,Keefe,McTrustey,kmctrustey9e@ftc.gov,Polygender,20.132.95.93
340,Agneta,Ech,aech9f@accuweather.com,Agender,
341,Lilas,Jacobsohn,ljacobsohn9g@themeforest.net,Genderqueer,36.32.17.239
342,Rasia,Weine,rweine9h@sciencedirect.com,Polygender,1.143.29.252
343,Bari,Aberdalgy,baberdalgy9i@columbia.edu,Genderfluid,94.113.49.197
344,Lorianna,Dorro,ldorro9j@prnewswire.com,Non-binary,105.136.121.131
345,Marie-jeanne,Chessel,mchessel9k@auda.org.au,Genderfluid,36.159.90.17
346,Kayley,Simla,ksimla9l@canalblog.com,Female,8.115.239.45
347,Shae,,sportinari9m@princeton.edu,Female,2.114.247.245
348,Larry,,ldablin9n@cnbc.com,Polygender,174.184.141.45
349,Del,Treske,dtreske9o@1und1.de,Male,231.131.117.216
350,Violetta,Satteford,vsatteford9p@walmart.com,Female,135.240.8.11
351,Magdaia,,mpiggen9q@bravesites.com,Agender,150.157.245.95
352,Eberto,Rollett,erollett9r@csmonitor.com,Genderqueer,235.47.208.188
353,Felita,Wogden,fwogden9s@nifty.com,Genderfluid,165.40.28.31
354,Elise,Diche,ediche9t@narod.ru,Polygender,201.237.120.153
355,Susette,Blois,sblois9u@hc360.com,Genderfluid,22.200.180.168
356,Samuele,Ilden,silden9v@shop-pro.jp,Genderfluid,207.240.44.23
357,Keefe,Jesse,kjesse9w@epa.gov,Bigender,235.234.190.108
358,Dalt,Betke,dbetke9x@simplemachines.org,Non-binary,160.72.213.204
359,Archibold,Fenix,afenix9y@networkadvertising.org,Agender,136.254.80.155
360,Fran,Bear,fbear9z@edublogs.org,Agender,245.146.237.25
361,Humbert,Comins,hcominsa0@csmonitor.com,Non-binary,13.29.188.61
362,Vance,Adger,vadgera1@1688.com,Female,1.4.62.150
363,Mikey,Surmon,msurmona2@techcrunch.com,Female,228.210.173.17
364,Haskel,Reay,hreaya3@flickr.com,Non-binary,215.206.148.165
,Guenevere,Atton,gattona4@webs.com,,238.64.85.120
366,Martie,Full,mfulla5@hc360.com,Bigender,148.179.66.104
367,Willabella,Crocumbe,wcrocumbea6@comcast.net,Agender,183.201.157.93
368,Yevette,Leggis,yleggisa7@pen.io,Agender,70.194.114.111
369,Case,,cbyllama8@ihg.com,Genderfluid,143.255.123.122
370,Pierce,Marcham,pmarchama9@diigo.com,Male,72.26.254.175
371,Ferne,Haestier,fhaestieraa@google.ca,Female,114.11.169.18
372,Odette,Beine,obeineab@behance.net,Bigender,150.44.236.53
373,Arlie,Duddle,aduddleac@cbc.ca,Female,211.235.47.121
374,Yehudi,Kobierzycki,ykobierzyckiad@ebay.com,Polygender,17.133.183.20
375,Mort,,mcarncrossae@usgs.gov,Female,130.150.85.102
376,Marv,Mathevon,mmathevonaf@adobe.com,Genderqueer,134.227.240.87
377,Eula,Bennis,ebennisag@macromedia.com,Genderqueer,75.214.68.110
378,Kerry,Crandon,kcrandonah@slashdot.org,Female,18.134.169.189
379,Rene,Castillo,rcastilloai@myspace.com,Genderqueer,199.59.66.67
380,Phil,Moulder,pmoulderaj@ft.com,Genderfluid,243.135.86.209
381,Penn,Ballister,pballisterak@hud.gov,Male,86.33.147.169
382,Cesya,,csarveral@msn.com,Agender,91.58.125.76
383,Lanie,Aris,larisam@wiley.com,Agender,49.204.114.82
384,Rosalinda,Randle,rrandlean@nba.com,Genderqueer,102.105.239.210
385,Leroy,Wasteney,lwasteneyao@ezinearticles.com,Agender,98.185.135.31
386,Layne,Loynes,lloynesap@dagondesign.com,Genderqueer,74.156.115.51
387,Kakalina,,klambirdaq@princeton.edu,Non-binary,191.169.218.35
388,Mattheus,Glasbey,mglasbeyar@myspace.com,Female,4.155.57.82
389,Guthrey,Ewenson,gewensonas@domainmarket.com,Polygender,247.130.7.132
390,Mohandas,Ferne,mferneat@mayoclinic.com,Non-binary,19.108.45.7
391,Rurik,Grimsey,rgrimseyau@1und1.de,Genderfluid,136.214.70.128
392,Pat,Moffet,pmoffetav@paypal.com,Male,90.102.128.105
393,Griselda,Doby,gdobyaw@cpanel.net,Agender,238.184.78.11
394,Nan,Denford,ndenfordax@ovh.net,Male,163.213.90.196
395,Monah,MacInherney,mmacinherneyay@bbb.org,Genderqueer,119.64.135.251
396,August,Haney,ahaneyaz@liveinternet.ru,Genderqueer,
397,Emmerich,Sweed,esweedb0@theatlantic.com,Male,184.64.252.115
398,Ignacius,Treat,itreatb1@odnoklassniki.ru,Non-binary,130.137.56.214
399,Durant,,dgiffinb2@cdc.gov,Polygender,243.202.155.217
400,Savina,Abbey,sabbeyb3@google.es,Female,65.87.35.164
401,Geraldine,,gbalmb4@imgur.com,Female,73.39.155.148
402,Tudor,Penhalewick,tpenhalewickb5@furl.net,Female,79.154.124.126
403,Nahum,Rippingale,nrippingaleb6@senate.gov,Polygender,197.208.114.202
404,Kayne,Rolls,krollsb7@shutterfly.com,Genderfluid,254.180.109.239
405,Aloysia,Moffatt,amoffattb8@utexas.edu,Female,
406,Orly,Paske,opaskeb9@tripadvisor.com,Agender,5.48.130.119
407,Benedicto,Bachelar,bbachelarba@example.com,Male,251.135.104.135
408,Edmon,Castells,ecastellsbb@wufoo.com,Genderfluid,56.187.157.151
409,Traver,Munnery,tmunnerybc@goo.gl,Genderfluid,56.201.110.230
410,Ian,Bau,ibaubd@icq.com,Bigender,94.29.57.191
411,Terri,,tellamanbe@eventbrite.com,Agender,250.74.10.187
412,Olly,Swine,oswinebf@dedecms.com,Genderfluid,85.94.39.157
413,Marrissa,Diddams,mdiddamsbg@twitter.com,Agender,115.123.67.46
414,Liuka,Olin,lolinbh@examiner.com,Genderqueer,30.127.230.104
415,Helaina,,hseybi@cbc.ca,Female,182.42.151.200
416,Agnesse,,atitterrellbj@liveinternet.ru,Non-binary,171.26.47.37
417,Paulette,Blainey,pblaineybk@boston.com,Genderfluid,61.145.18.33
418,Brandie,Winkell,bwinkellbl@gmpg.org,Bigender,202.96.73.99
419,Cross,Krug,ckrugbm@addthis.com,Agender,12.104.188.231
420,Wendi,,wdmitrievbn@nsw.gov.au,Genderfluid,171.244.19.132
421,Neel,Margrett,nmargrettbo@nbcnews.com,Male,177.100.57.197
422,Christiane,Elwill,celwillbp@elegantthemes.com,Polygender,88.26.93.212
423,Hilly,Skim,hskimbq@skype.com,Genderfluid,151.148.38.18
424,Dorothy,Waslin,dwaslinbr@drupal.org,Bigender,6.32.111.84
425,Alana,Dounbare,adounbarebs@qq.com,Bigender,39.252.117.21
426,Fionna,Funnell,ffunnellbt@telegraph.co.uk,Non-binary,134.69.171.165
427,Kyrstin,Crouse,kcrousebu@gnu.org,Bigender,148.57.63.68
428,Rube,Wreiford,rwreifordbv@foxnews.com,Female,179.86.25.180
429,Vere,Lowth,vlowthbw@ask.com,Male,66.208.3.242
430,Ruthann,Malham,rmalhambx@yelp.com,Genderfluid,139.186.125.146
431,Ferdie,Gilyatt,fgilyattby@weather.com,Male,10.35.124.160
432,Nelly,Troker,ntrokerbz@abc.net.au,Agender,247.251.229.17
433,Juana,O' Culligan,joculliganc0@epa.gov,Polygender,7.143.189.48
434,Gard,Fowlston,gfowlstonc1@businessinsider.com,Non-binary,5.45.10.27
435,Evelin,Eddisforth,eeddisforthc2@hatena.ne.jp,Male,12.235.112.73
436,Alexandro,Bendley,abendleyc3@163.com,Genderqueer,75.1.202.196
437,,Cumberland,,Polygender,238.40.246.48
438,Nelie,Thoresby,nthoresbyc5@cloudflare.com,Female,22.106.86.143
439,Dasha,,dbartensc6@theglobeandmail.com,Non-binary,8.174.229.43
440,Adler,Owbridge,aowbridgec7@plala.or.jp,Non-binary,135.122.196.58
441,Bartlett,McGloin,bmcgloinc8@icio.us,Non-binary,74.113.82.34
442,Gerry,Pimlock,gpimlockc9@economist.com,Genderqueer,175.64.165.126
443,Rhetta,Binning,rbinningca@hhs.gov,Bigender,110.98.138.19
444,Regen,Beeson,rbeesoncb@examiner.com,Female,165.181.192.52
445,Harry,Donovan,hdonovancc@blogger.com,Agender,161.76.229.40
446,Allin,Goatcher,agoatchercd@usa.gov,Female,2.145.11.198
447,Hussein,Burnyeat,hburnyeatce@umn.edu,Polygender,94.178.28.67
448,Aggy,Tregonna,atregonnacf@networksolutions.com,Bigender,54.98.133.180
449,Delinda,Matresse,dmatressecg@lycos.com,Bigender,76.38.160.103
450,Evey,Faiers,efaiersch@wikispaces.com,Genderqueer,113.198.233.137
451,Rici,Kubis,rkubisci@topsy.com,Genderqueer,155.196.75.168
452,Bernhard,Mort,bmortcj@hao123.com,Polygender,91.109.255.65
453,Yankee,Rhoades,yrhoadesck@blogs.com,Non-binary,29.53.242.228
454,Garrett,Vaughten,gvaughtencl@gov.uk,Polygender,247.51.84.44
455,Jamal,Lebang,jlebangcm@tamu.edu,Bigender,198.251.185.5
456,Luigi,Rivitt,lrivittcn@sciencedirect.com,Non-binary,229.170.85.35
457,Adaline,Gutridge,agutridgeco@blogtalkradio.com,Genderqueer,221.214.12.167
458,Lilith,Sallier,lsalliercp@youtu.be,Male,54.2.0.20
459,Kendell,O'Sharkey,kosharkeycq@mozilla.org,Agender,20.157.144.172
460,Henriette,,hperigeauxcr@thetimes.co.uk,Non-binary,52.190.183.119
461,Olin,Reekie,oreekiecs@huffingtonpost.com,Genderfluid,92.241.240.217
462,Birk,Giannotti,bgiannottict@umich.edu,Non-binary,87.23.113.210
463,Drusilla,Clover,dclovercu@wikispaces.com,Bigender,253.213.184.168
464,Currey,Trenchard,ctrenchardcv@about.me,Male,213.247.5.23
465,Wilie,Tremelling,wtremellingcw@last.fm,Genderfluid,107.85.166.135
466,Fanni,Provest,fprovestcx@loc.gov,Female,198.88.94.230
467,Caryn,Gardiner,cgardinercy@pinterest.com,Genderqueer,86.251.27.54
468,Rainer,Bigly,rbiglycz@arizona.edu,Non-binary,161.133.207.24
469,Maxi,,memansond0@istockphoto.com,Genderqueer,246.159.231.81
470,Ursula,Kleszinski,ukleszinskid1@twitter.com,Bigender,
471,Zorina,Cornelissen,zcornelissend2@amazon.co.uk,Genderqueer,64.117.183.30
472,Devlin,Lortzing,dlortzingd3@samsung.com,Non-binary,206.200.155.253
473,Christyna,Artinstall,cartinstalld4@earthlink.net,Non-binary,67.202.215.227
474,Ketti,Giovannazzi,kgiovannazzid5@pagesperso-orange.fr,Genderqueer,143.231.151.176
475,Charleen,Gover,cgoverd6@twitpic.com,Genderfluid,
,Goddard,,gscreend7@chicagotribune.com,,228.63.238.210
477,Hannis,Guesford,hguesfordd8@sphinn.com,Agender,
478,Gordie,Samber,gsamberd9@ow.ly,Polygender,163.33.197.164
479,Kandy,Scarrott,kscarrottda@cnbc.com,Polygender,60.116.79.188
480,Orelle,Evett,oevettdb@qq.com,Genderfluid,70.55.224.161
481,Warde,,wtreadgeardc@blog.com,Bigender,160.198.86.74
482,Conan,Vile,cviledd@cpanel.net,Agender,102.127.251.192
483,Averil,Balls,aballsde@webmd.com,Male,144.222.40.206
484,Anthe,Tern,aterndf@example.com,Female,212.137.245.78
485,Darlene,Girard,dgirarddg@vk.com,Non-binary,117.239.113.174
486,Brit,Vaneev,bvaneevdh@google.pl,Agender,77.38.137.90
487,Peggy,Elgie,pelgiedi@creativecommons.org,Female,184.220.185.164
488,Mendie,,mscohierdj@delicious.com,Polygender,252.137.10.33
489,Orelia,,oblakeleydk@devhub.com,Male,0.58.234.35
490,Maurie,Colhoun,mcolhoundl@t-online.de,Male,128.195.67.118
491,Bellanca,McBrady,bmcbradydm@ovh.net,Male,72.162.195.82
492,Emilie,Chettoe,echettoedn@blogtalkradio.com,Male,129.151.115.40
493,Devora,Bescoby,dbescobydo@statcounter.com,Bigender,227.14.121.49
494,Constantina,Hemphall,chemphalldp@nifty.com,Male,220.232.98.58
495,Ezechiel,Santon,esantondq@admin.ch,Genderqueer,151.76.39.226
496,Ned,Jados,njadosdr@dedecms.com,Male,48.241.48.191
497,Moses,Farmer,mfarmerds@etsy.com,Non-binary,98.237.46.40
498,Saunderson,Ashman,sashmandt@businesswire.com,Non-binary,177.189.34.69
499,Boyce,Dyett,bdyettdu@sciencedaily.com,Agender,145.36.185.213
500,Hedi,Kirsopp,hkirsoppdv@comcast.net,Agender,147.235.244.83
501,Cora,,cbriggsdw@topsy.com,Genderfluid,28.224.242.220
502,Greggory,Wickie,gwickiedx@gnu.org,Bigender,3.56.79.71
503,Tammara,Hardin,thardindy@sogou.com,Polygender,3.165.195.129
504,Carlie,McJerrow,cmcjerrowdz@redcross.org,Polygender,54.223.95.207
505,Ettie,,ecanadase0@si.edu,Bigender,27.69.240.57
506,Job,Jessep,jjessepe1@drupal.org,Genderfluid,35.244.24.208
507,Truda,MacLese,tmaclesee2@redcross.org,Male,126.118.93.189
508,Riordan,,rdelacroixe3@oakley.com,Non-binary,
509,Violet,Gaskoin,vgaskoine4@howstuffworks.com,Female,
510,Cassondra,,cedlinge5@state.gov,Non-binary,148.57.141.11
511,Valaria,Bischof,vbischofe6@mapquest.com,Agender,89.91.53.213
512,Austine,Lacer,alacere7@cbslocal.com,Genderqueer,2.126.8.197
513,Alexander,Le Houx,alehouxe8@independent.co.uk,Polygender,148.240.3.122
514,Hally,,hsergeante9@blogs.com,Male,11.113.249.2
,Pearla,Goodband,pgoodbandea@dell.com,,55.194.194.159
516,Chalmers,O'Cuddie,cocuddieeb@eepurl.com,Genderqueer,54.138.29.64
517,Allin,Kayley,akayleyec@si.edu,Bigender,88.204.220.170
518,Lammond,Caret,lcareted@furl.net,Female,250.164.127.146
519,,Piolli,,Male,172.236.210.255
520,Jorgan,Callander,jcallanderef@wiley.com,Bigender,14.179.246.228
521,Buiron,,bmallabareg@livejournal.com,Female,99.205.26.38
522,Esmeralda,Duro,eduroeh@tinypic.com,Genderfluid,83.158.93.131
,Ara,Kinneally,akinneallyei@businessweek.com,,117.203.186.69
524,Price,Nockalls,pnockallsej@tripadvisor.com,Female,34.154.233.189
525,Robinia,Delleschi,rdelleschiek@newsvine.com,Polygender,56.120.152.232
526,Leyla,Gyde,lgydeel@utexas.edu,Non-binary,94.139.84.226
527,Berny,Wolfart,bwolfartem@hugedomains.com,Male,228.59.132.208
528,Aili,Huison,ahuisonen@dailymotion.com,Polygender,32.123.131.146
529,Horacio,,hhaggidoneo@webmd.com,Bigender,189.126.150.161
530,Louisa,De Hoogh,ldehooghep@hexun.com,Polygender,174.101.246.232
531,Tabbie,Lally,tlallyeq@google.de,Polygender,29.252.53.188
532,Mal,Goldwater,mgoldwaterer@ovh.net,Agender,85.29.70.115
533,Gawen,,gnairnes@theatlantic.com,Female,139.13.104.107
534,Nicky,Pirot,npirotet@last.fm,Agender,233.93.22.80
535,Renae,Swatten,rswatteneu@economist.com,Polygender,152.148.91.237
536,Winfield,Bonnefin,wbonnefinev@howstuffworks.com,Genderfluid,38.133.179.79
537,Romonda,Bouette,rbouetteew@cargocollective.com,Bigender,82.91.5.43
538,Ethelbert,Haskett,ehaskettex@msn.com,Female,23.45.4.124
539,Prent,Doxey,pdoxeyey@ucsd.edu,Female,89.196.247.217
540,Adela,Strelitzki,astrelitzkiez@typepad.com,Non-binary,183.182.231.185
541,Janina,Spiller,jspillerf0@rediff.com,Polygender,235.59.126.219
542,,Angerstein,,Agender,11.129.212.168
543,Rebbecca,Fossord,rfossordf2@boston.com,Bigender,236.196.46.54
544,Peterus,Lequeux,plequeuxf3@forbes.com,Agender,96.237.255.66
545,Jesse,Goburn,jgoburnf4@disqus.com,Genderqueer,207.50.119.101
546,Turner,,tdaddf5@so-net.ne.jp,Non-binary,110.89.143.243
547,Amalie,Gann,agannf6@webnode.com,Polygender,168.241.208.138
548,Gib,Mapston,gmapstonf7@diigo.com,Male,70.218.43.204
,Fitz,George,fgeorgef8@surveymonkey.com,,166.23.231.57
550,Dominica,Robilart,drobilartf9@issuu.com,Agender,3.162.245.85
551,Essa,Reven,erevenfa@youku.com,Polygender,48.156.73.18
552,Godfree,Scrafton,gscraftonfb@gnu.org,Genderfluid,212.2.238.195
553,Sergei,Aksell,saksellfc@msu.edu,Genderqueer,
554,Christian,Geldeford,cgeldefordfd@fda.gov,Male,110.145.105.56
555,Padraig,Bolgar,pbolgarfe@elpais.com,Genderfluid,208.87.220.59
556,Velma,Temlett,vtemlettff@globo.com,Agender,135.9.113.118
557,Christal,Kochel,ckochelfg@biblegateway.com,Genderfluid,152.40.220.29
558,Davide,Madrell,dmadrellfh@meetup.com,Bigender,33.222.144.196
559,Addison,,alambrechtsfi@imageshack.us,Female,143.181.16.170
560,Suzie,O'Doran,sodoranfj@typepad.com,Bigender,30.234.189.202
561,Desdemona,Lathaye,dlathayefk@cdc.gov,Male,136.75.228.135
562,Sol,de'-Ancy Willis,sdeancywillisfl@squidoo.com,Female,51.189.39.135
563,Ricoriki,Caudray,rcaudrayfm@google.pl,Female,188.175.121.38
564,Algernon,Doggerell,adoggerellfn@webeden.co.uk,Polygender,151.105.217.63
565,Cahra,Martinie,cmartiniefo@diigo.com,Polygender,218.129.143.60
566,Devondra,Raithbie,draithbiefp@slate.com,Polygender,28.197.141.65
567,Curtice,Loosley,cloosleyfq@tiny.cc,Genderfluid,230.114.160.215
568,Bron,Warburton,bwarburtonfr@youku.com,Female,26.158.175.29
569,Henrie,,habelfs@linkedin.com,Bigender,236.130.230.35
570,Annadiane,Cassar,acassarft@bloomberg.com,Non-binary,155.69.5.30
571,,McNeish,,Non-binary,146.161.210.80
572,Heindrick,Sirette,hsirettefv@ed.gov,Bigender,32.74.191.61
573,Fitzgerald,Weine,fweinefw@umn.edu,Male,248.35.181.204
574,Amye,,amobberleyfx@howstuffworks.com,Male,246.196.137.14
575,Cris,Mattocks,cmattocksfy@slashdot.org,Male,171.197.225.67
576,Conrade,,cvinecombefz@dion.ne.jp,Genderfluid,210.144.221.92
577,Loni,Hovert,lhovertg0@google.cn,Bigender,
578,Monty,Dmitrovic,mdmitrovicg1@dot.gov,Genderfluid,237.32.150.220
579,Paxon,Mahood,pmahoodg2@homestead.com,Polygender,45.242.70.25
580,Cornie,Poxson,cpoxsong3@merriam-webster.com,Genderfluid,250.62.86.67
581,Anestassia,De la Perrelle,adelaperrelleg4@ucsd.edu,Non-binary,137.63.27.134
582,Quentin,,qbastideg5@sciencedaily.com,Bigender,220.42.135.100
583,Odell,Vampouille,ovampouilleg6@macromedia.com,Non-binary,11.198.169.112
584,Basilio,Huggett,bhuggettg7@miibeian.gov.cn,Female,15.118.138.44
585,Karoly,Ames,kamesg8@vk.com,Male,242.78.137.223
586,Alexandro,,aconibereg9@mayoclinic.com,Agender,250.150.40.209
587,Stephana,Mackerness,smackernessga@wp.com,Female,130.25.105.36
588,Marjy,Hurn,mhurngb@utexas.edu,Male,84.234.64.141
589,Laurette,Cubin,lcubingc@disqus.com,Bigender,170.48.81.197
590,Eric,Verralls,everrallsgd@freewebs.com,Non-binary,138.126.184.55
591,Dinnie,Drewitt,ddrewittge@wp.com,Non-binary,169.91.230.134
592,Bradan,Gerling,bgerlinggf@sphinn.com,Polygender,182.52.162.136
593,Reagen,,rpinckardgg@digg.com,Agender,240.149.1.41
594,Norby,,ntroutbeckgh@eventbrite.com,Male,155.194.173.251
595,Findley,Taylerson,ftaylersongi@example.com,Non-binary,33.151.33.4
596,Lula,Inglesant,linglesantgj@barnesandnoble.com,Female,14.16.197.51
597,Tore,St. Leger,tstlegergk@irs.gov,Non-binary,192.70.90.99
598,Imogen,Damiral,idamiralgl@addthis.com,Genderfluid,197.43.236.255
599,Tierney,Brunn,tbrunngm@si.edu,Female,233.242.35.165
600,Pebrook,Bowhey,pbowheygn@ed.gov,Male,25.120.84.56
601,Renate,Beavers,rbeaversgo@constantcontact.com,Genderfluid,
602,Randene,Gianuzzi,rgianuzzigp@amazonaws.com,Female,91.188.15.255
,Bab,Snowsill,bsnowsillgq@sfgate.com,,179.23.67.82
604,Arleyne,Gookes,agookesgr@alibaba.com,Male,194.36.161.43
605,,Persitt,,Genderqueer,161.133.27.79
606,Standford,Simoncello,ssimoncellogt@cnn.com,Agender,173.46.23.236
607,Curtice,Caverhill,ccaverhillgu@eepurl.com,Polygender,138.224.179.31
608,Maren,Marchetti,mmarchettigv@earthlink.net,Polygender,96.144.205.209
609,Lyndel,Gillbard,lgillbardgw@indiatimes.com,Polygender,238.175.137.103
610,Lolly,Seydlitz,lseydlitzgx@123-reg.co.uk,Genderfluid,139.218.237.48
611,Jenine,Moryson,jmorysongy@tiny.cc,Genderqueer,88.233.86.98
612,Olympie,,opiggensgz@auda.org.au,Male,109.200.133.3
613,Kare,,kcallowh0@businessinsider.com,Female,37.208.44.144
614,Marji,Martin,mmartinh1@time.com,Agender,215.138.94.251
615,Faber,Cregg,fcreggh2@admin.ch,Genderqueer,216.255.178.47
616,Sarajane,Kington,skingtonh3@feedburner.com,Non-binary,16.111.244.233
617,Miof mela,Dozdill,mdozdillh4@sbwire.com,Bigender,236.42.234.177
618,Dulcea,Loffel,dloffelh5@wikia.com,Bigender,120.210.40.248
619,Alfonso,Heaseman,aheasemanh6@nydailynews.com,Genderfluid,58.150.122.210
620,Marina,,mgorwoodh7@mit.edu,Genderfluid,171.127.249.88
621,Ardith,Catchpole,acatchpoleh8@cnn.com,Polygender,49.81.185.251
622,,Stollberger,,Non-binary,69.105.136.25
623,Fayre,,fbloggettha@prweb.com,Genderqueer,114.115.44.84
624,Nada,Copestick,ncopestickhb@omniture.com,Polygender,215.237.207.69
625,Selma,Rittmeier,srittmeierhc@mail.ru,Bigender,28.205.10.138
626,Hedda,Nern,hnernhd@istockphoto.com,Polygender,201.83.201.41
,Carver,Mary,cmaryhe@indiegogo.com,,26.156.91.207
628,Jorrie,Lowfill,jlowfillhf@wikipedia.org,Male,143.22.202.16
629,Kaila,Hallard,khallardhg@instagram.com,Agender,173.162.30.32
630,Linda,Meneyer,lmeneyerhh@hugedomains.com,Male,94.255.53.196
631,Jimmy,Owers,jowershi@yellowpages.com,Genderqueer,106.233.93.34
632,Kristina,Betho,kbethohj@comcast.net,Female,
633,Fifi,Kaley,fkaleyhk@globo.com,Female,39.156.34.172
634,Felicia,Dreini,fdreinihl@hugedomains.com,Male,76.19.179.78
635,Vilma,Franzelini,vfranzelinihm@mapy.cz,Bigender,164.189.218.227
636,Garrot,,gcroothn@mlb.com,Non-binary,86.64.15.111
637,Aprilette,Argyle,aargyleho@princeton.edu,Bigender,211.67.196.151
638,Karyn,Hutchinges,khutchingeshp@scientificamerican.com,Agender,
639,Sadie,Call,scallhq@vimeo.com,Male,180.31.139.130
640,Gregor,Stutt,gstutthr@prlog.org,Non-binary,254.89.39.121
641,Murvyn,Meyrick,mmeyrickhs@utexas.edu,Agender,47.165.195.167
642,Niels,Barzen,nbarzenht@nature.com,Bigender,91.120.136.49
643,Lacey,Jamary,ljamaryhu@pen.io,Genderfluid,247.151.21.62
644,Ajay,Giggie,agiggiehv@cafepress.com,Genderfluid,145.59.102.85
645,Anestassia,Schwandermann,aschwandermannhw@woothemes.com,Female,198.128.71.42
646,,McKea,,Agender,185.19.30.238
647,Estevan,Boniface,ebonifacehy@toplist.cz,Bigender,46.139.75.10
648,Zacherie,McGlue,zmcgluehz@princeton.edu,Polygender,155.250.80.44
649,Lonnie,Pagin,lpagini0@sbwire.com,Non-binary,231.239.169.125
650,Bone,Bedding,bbeddingi1@pinterest.com,Male,244.175.131.73
651,Mag,Cadle,mcadlei2@nymag.com,Bigender,205.11.178.132
652,Fayth,Wateridge,fwateridgei3@sina.com.cn,Bigender,
653,Kacy,Edlin,kedlini4@about.me,Female,71.4.139.38
,Reagen,Bohike,rbohikei5@discuz.net,,212.32.33.42
655,Sorcha,Tizard,stizardi6@ucsd.edu,Non-binary,199.76.130.167
656,Florian,,fmaccaheyi7@yale.edu,Non-binary,112.118.110.12
657,Cornelia,De Hooch,cdehoochi8@usa.gov,Agender,220.83.192.225
658,Jaquenette,Shalcros,jshalcrosi9@rediff.com,Agender,251.201.228.245
659,Mellisent,,mcottyia@lulu.com,Non-binary,119.169.150.221
660,Bambi,Caldow,bcaldowib@tmall.com,Male,71.163.137.84
661,Kameko,Gebb,kgebbic@godaddy.com,Female,193.209.249.106
662,Augustine,Hamberstone,ahamberstoneid@scribd.com,Agender,106.19.148.245
663,Blaire,Kidsley,bkidsleyie@huffingtonpost.com,Genderfluid,110.250.120.228
664,Byrann,Pickburn,bpickburnif@vk.com,Agender,130.181.219.145
665,Osbourn,,ohillittig@bluehost.com,Agender,161.81.146.97
666,Mark,Minty,mmintyih@digg.com,Genderqueer,187.91.106.157
667,Gav,Whimp,gwhimpii@sohu.com,Female,111.10.235.58
668,,Lambregts,,Bigender,119.113.238.247
669,Mitchael,Meach,mmeachik@surveymonkey.com,Genderqueer,204.141.31.25
,Gaynor,,gtyloril@kickstarter.com,,181.165.55.78
671,Paton,Dowgill,pdowgillim@rambler.ru,Polygender,63.62.32.115
672,Henrietta,Renshaw,hrenshawin@addthis.com,Genderfluid,46.75.37.21
673,Dixie,Coldwell,dcoldwellio@123-reg.co.uk,Agender,228.31.230.224
674,Valenka,Brockwell,vbrockwellip@businesswire.com,Genderqueer,132.136.227.231
675,Boniface,Greenhowe,bgreenhoweiq@jigsy.com,Genderfluid,14.9.201.9
676,Alayne,Olive,aoliveir@example.com,Male,218.228.247.119
677,Valery,Ollerton,vollertonis@bbc.co.uk,Genderqueer,250.202.234.98
678,Udell,Corselles,ucorsellesit@hugedomains.com,Agender,
679,Way,Caddick,wcaddickiu@baidu.com,Female,163.240.248.141
680,Valli,Fetterplace,vfetterplaceiv@purevolume.com,Non-binary,145.16.249.72
681,Eyde,Konrad,ekonradiw@google.pl,Non-binary,130.195.31.54
682,Benyamin,Sprasen,bsprasenix@hexun.com,Male,144.147.147.9
683,Giffer,Jaffray,gjaffrayiy@nba.com,Female,62.164.3.190
684,Roshelle,Dallison,rdallisoniz@fc2.com,Polygender,146.64.18.203
685,Ranique,Hick,rhickj0@bing.com,Non-binary,70.153.42.209
686,Anna-diana,Hurring,ahurringj1@squidoo.com,Male,141.74.16.160
687,Woodie,Olenchikov,wolenchikovj2@desdev.cn,Agender,68.230.100.13
688,Mara,Jenman,mjenmanj3@unesco.org,Genderfluid,192.89.163.24
689,Trent,Marriot,tmarriotj4@spotify.com,Bigender,184.14.228.22
690,Ganny,Aldie,galdiej5@tamu.edu,Genderfluid,150.196.50.208
691,Jordan,Girtin,jgirtinj6@telegraph.co.uk,Non-binary,137.252.82.117
692,Alexandr,Glowach,aglowachj7@dagondesign.com,Genderqueer,127.64.113.75
693,Stewart,Feldstein,sfeldsteinj8@over-blog.com,Non-binary,210.232.246.89
694,Derrick,Darque,ddarquej9@omniture.com,Male,0.11.130.108
695,Tiffy,Pedrazzi,tpedrazzija@imgur.com,Female,162.153.181.92
696,Deloris,Temblett,dtemblettjb@webeden.co.uk,Genderqueer,106.163.181.222
697,Carr,Brookfield,cbrookfieldjc@ustream.tv,Genderfluid,52.76.222.85
698,Elita,Marsy,emarsyjd@ustream.tv,Female,238.54.50.225
699,Katerina,Kivell,kkivellje@paginegialle.it,Non-binary,68.234.48.197
700,Grange,Regardsoe,gregardsoejf@cdbaby.com,Non-binary,193.87.87.57
701,Jehanna,Haeslier,jhaeslierjg@zimbio.com,Genderfluid,130.218.43.238
702,Filippa,Hanson,fhansonjh@ibm.com,Bigender,11.72.48.110
,Martha,Bower,mbowerji@boston.com,,50.182.8.227
704,,Muldownie,,Bigender,120.188.10.54
705,Judas,Motte,jmottejk@census.gov,Bigender,15.176.240.37
706,Giulio,Kempster,gkempsterjl@google.com.hk,Genderfluid,169.13.209.147
707,Mildred,Collis,mcollisjm@dailymotion.com,Male,247.57.89.60
708,Stevana,McGeorge,smcgeorgejn@baidu.com,Agender,7.166.244.230
709,Cristi,Gheraldi,cgheraldijo@wikia.com,Polygender,208.39.225.160
710,Rollo,Casham,rcashamjp@senate.gov,Genderqueer,71.127.228.96
711,Katti,Angeau,kangeaujq@sakura.ne.jp,Bigender,207.186.9.61
712,Skipton,Petheridge,spetheridgejr@xing.com,Genderqueer,10.67.204.126
713,Fedora,Farmery,ffarmeryjs@cdbaby.com,Bigender,162.20.214.184
714,Jennica,Postans,jpostansjt@blogger.com,Non-binary,16.11.204.49
715,Malina,Weatherby,mweatherbyju@amazon.com,Female,66.247.202.178
716,Robena,Tudor,rtudorjv@weibo.com,Genderqueer,107.13.69.92
717,Natty,Gregol,ngregoljw@prnewswire.com,Genderqueer,74.130.90.32
718,Lana,Josefsson,ljosefssonjx@huffingtonpost.com,Polygender,77.74.214.182
719,Trescha,Swiffen,tswiffenjy@noaa.gov,Agender,
720,Devina,Beeching,dbeechingjz@cbc.ca,Female,234.192.64.104
,Osborn,,ocadwaladrk0@timesonline.co.uk,,80.229.141.167
722,Ingmar,Campey,icampeyk1@unesco.org,Polygender,
723,Mord,Redhole,mredholek2@seesaa.net,Bigender,173.220.71.127
724,Cynthy,Bodemeaid,cbodemeaidk3@netlog.com,Agender,231.103.149.134
725,Clo,Thoresby,cthoresbyk4@state.gov,Agender,100.175.10.237
726,Theodore,Kinnear,tkinneark5@jalbum.net,Male,169.186.10.125
727,Karlik,Shewery,ksheweryk6@posterous.com,Agender,209.95.132.121
728,Sabine,Rosel,sroselk7@telegraph.co.uk,Male,241.92.127.210
729,Tiertza,Peinke,tpeinkek8@xinhuanet.com,Polygender,118.72.6.220
730,Loralyn,Conlon,lconlonk9@netvibes.com,Genderfluid,0.3.87.54
731,Farrel,Philp,fphilpka@i2i.jp,Agender,180.103.133.166
732,Riley,Truss,rtrusskb@blinklist.com,Polygender,
733,Estell,Terrans,eterranskc@cisco.com,Male,194.201.3.225
734,Romy,Delap,rdelapkd@hc360.com,Genderfluid,248.189.161.118
,,Trodden,,,29.14.105.231
736,Kessiah,Echallier,kechallierkf@timesonline.co.uk,Non-binary,145.81.7.141
737,Terri,,talmackkg@goo.gl,Female,114.164.1.70
738,Catie,Kondratyuk,ckondratyukkh@gmpg.org,Female,145.122.198.191
739,Saba,Braithwait,sbraithwaitki@dedecms.com,Female,203.174.216.204
740,Tybi,Goadbie,tgoadbiekj@example.com,Bigender,58.97.252.16
741,Margarette,Poulett,mpoulettkk@over-blog.com,Genderqueer,52.38.193.149
742,Lynn,Glassup,lglassupkl@si.edu,Non-binary,65.100.23.6
743,Charisse,Trammel,ctrammelkm@vkontakte.ru,Agender,94.45.179.241
744,Fredericka,Clemmett,fclemmettkn@ebay.com,Polygender,96.92.42.41
745,Dorey,Worling,dworlingko@google.com.au,Genderqueer,121.148.208.28
746,Eamon,Krolak,ekrolakkp@dell.com,Genderfluid,120.97.130.40
747,Zeb,Cavan,zcavankq@topsy.com,Non-binary,20.90.30.138
748,Karney,Thomson,kthomsonkr@webnode.com,Genderqueer,229.106.163.235
749,Dorothee,Warrender,dwarrenderks@cbc.ca,Male,
750,Cordie,Rosiello,crosiellokt@g.co,Female,19.68.196.180
751,Hetti,,hduffilku@wisc.edu,Male,233.38.133.71
752,Beck,Fowell,bfowellkv@discovery.com,Male,82.200.15.67
753,Justis,Kenworthey,jkenwortheykw@skype.com,Bigender,78.105.9.249
754,Allin,Gribbins,agribbinskx@scientificamerican.com,Genderfluid,
755,Minda,Theuss,mtheussky@artisteer.com,Genderfluid,65.120.146.113
756,Natale,Perham,nperhamkz@about.me,Female,218.123.195.233
757,Tani,Abramov,tabramovl0@bluehost.com,Male,41.229.112.163
758,Nicole,Gerasch,ngeraschl1@exblog.jp,Bigender,181.30.185.165
759,Roch,Kittman,rkittmanl2@networksolutions.com,Genderfluid,222.29.12.32
760,Eric,Cragg,ecraggl3@com.com,Bigender,163.203.79.53
761,Pearle,Blint,pblintl4@yahoo.co.jp,Male,240.200.19.72
762,Sheela,Sicely,ssicelyl5@free.fr,Male,244.1.202.45
763,Gun,Gerbl,ggerbll6@economist.com,Male,171.92.33.96
764,Tatiana,Wyley,twyleyl7@gov.uk,Genderqueer,45.105.219.206
765,Angelico,Greenhalgh,agreenhalghl8@clickbank.net,Genderqueer,153.28.177.201
766,Tybie,Grimwad,tgrimwadl9@bloglovin.com,Non-binary,
767,Remington,,rdobbingla@usda.gov,Genderfluid,101.125.102.143
768,Katey,Kibel,kkibellb@naver.com,Genderqueer,126.197.201.209
769,Joelynn,Elnor,jelnorlc@ted.com,Male,57.157.197.195
770,Colas,Hourihan,chourihanld@sogou.com,Non-binary,224.251.160.91
771,Ruy,Lamerton,rlamertonle@goo.gl,Genderfluid,62.212.68.127
772,Karney,Scollan,kscollanlf@woothemes.com,Polygender,200.87.173.232
773,Gertie,Duplan,gduplanlg@posterous.com,Bigender,64.73.6.155
774,Arnuad,Lorenzo,alorenzolh@wix.com,Polygender,103.251.24.109
775,Jesse,Grist,jgristli@wp.com,Female,151.119.21.45
776,Jena,,jrowbothamlj@pinterest.com,Polygender,97.188.19.98
777,Malena,Forst,mforstlk@newyorker.com,Polygender,104.28.193.197
778,Emerson,Kemer,ekemerll@forbes.com,Male,224.48.9.233
779,Malchy,Frazier,mfrazierlm@fc2.com,Female,53.213.86.153
780,Jacquetta,Gatchell,jgatchellln@nyu.edu,Genderqueer,
781,Sherman,Shemmans,sshemmanslo@yellowbook.com,Female,32.125.200.127
782,Linea,Ficken,lfickenlp@smugmug.com,Genderqueer,228.186.91.135
783,Wright,Saffrin,wsaffrinlq@domainmarket.com,Polygender,197.227.40.167
,Giorgio,,gallsepplr@purevolume.com,,223.67.61.111
785,Amandie,Natalie,anataliels@youtu.be,Genderfluid,134.34.68.171
786,Cordie,Orred,corredlt@wired.com,Female,0.166.192.10
787,Bayard,,bdackelu@cocolog-nifty.com,Female,80.53.21.196
788,Glenden,Whetnall,gwhetnalllv@devhub.com,Genderfluid,173.150.196.73
789,Flore,Clawsley,fclawsleylw@mediafire.com,Agender,103.237.210.128
790,Aldric,Orro,aorrolx@webeden.co.uk,Agender,136.156.178.239
791,Sigismundo,Brewers,sbrewersly@domainmarket.com,Agender,
792,Emalia,Crathorne,ecrathornelz@sun.com,Genderqueer,109.56.96.146
793,Aldwin,Bumpus,abumpusm0@google.com.hk,Female,22.199.112.97
794,Clovis,Yallowley,cyallowleym1@tumblr.com,Bigender,190.110.98.216
795,Eartha,Morter,emorterm2@weebly.com,Male,209.175.44.180
796,,Gorghetto,,Non-binary,170.129.179.173
797,Stillman,Lansley,slansleym4@wired.com,Polygender,42.45.241.6
798,Gail,St. Quentin,gstquentinm5@newsvine.com,Agender,206.164.103.248
799,Brandyn,Lavarack,blavarackm6@shop-pro.jp,Female,168.176.149.5
800,Morly,Warwick,mwarwickm7@tamu.edu,Polygender,50.172.141.200
801,Millicent,Durnford,mdurnfordm8@mozilla.com,Non-binary,77.84.212.206
802,Stanford,Vogt,svogtm9@imdb.com,Polygender,239.42.87.15
803,Mommy,Citrine,mcitrinema@addtoany.com,Genderqueer,215.52.246.68
804,Goddard,Crackel,gcrackelmb@liveinternet.ru,Agender,44.21.117.246
805,Jimmie,Philpotts,jphilpottsmc@wikia.com,Non-binary,250.207.160.97
806,Spense,Malloch,smallochmd@amazon.de,Non-binary,230.80.202.95
807,Taddeo,Claris,tclarisme@reverbnation.com,Polygender,117.83.197.51
808,Blaire,Ortas,bortasmf@globo.com,Non-binary,248.46.85.1
809,Elly,Rillatt,erillattmg@xrea.com,Non-binary,38.219.39.139
810,Kane,Paniman,kpanimanmh@toplist.cz,Agender,142.219.83.60
811,Andros,Hargess,ahargessmi@stanford.edu,Genderfluid,152.139.14.33
812,Mathilde,Issacoff,missacoffmj@disqus.com,Non-binary,224.103.199.181
,Wilmar,Bruckshaw,wbruckshawmk@aboutads.info,,105.74.137.31
814,Sharl,Posner,sposnerml@multiply.com,Polygender,92.242.186.174
815,,Queree,,Polygender,209.119.129.167
816,Lorry,Dodridge,ldodridgemn@cornell.edu,Bigender,54.132.6.91
817,Corny,Pley,cpleymo@digg.com,Genderfluid,122.115.195.246
818,Keefe,Slack,kslackmp@so-net.ne.jp,Genderfluid,144.208.93.177
819,Christel,Jerg,cjergmq@ed.gov,Bigender,215.10.50.144
820,Walther,Swynfen,wswynfenmr@tinypic.com,Female,215.54.3.119
821,Ceil,Wallentin,cwallentinms@xing.com,Genderfluid,32.156.178.168
822,Marisa,,mkellowaymt@wix.com,Polygender,85.128.228.171
823,Harold,Ragg,hraggmu@live.com,Male,108.34.198.9
824,Tucker,Wetherald,twetheraldmv@huffingtonpost.com,Genderqueer,255.123.239.244
,Alisha,Plinck,aplinckmw@fda.gov,,218.61.167.242
826,Bartholemy,Samter,bsamtermx@cpanel.net,Non-binary,143.63.150.47
827,Ciel,Dillon,cdillonmy@hhs.gov,Female,47.101.213.153
828,Herschel,Phizackarley,hphizackarleymz@shutterfly.com,Non-binary,76.208.81.184
829,Lorna,Hirsthouse,lhirsthousen0@chron.com,Genderfluid,
830,Jacenta,Gutans,jgutansn1@over-blog.com,Male,127.239.79.177
831,Abner,Philott,aphilottn2@usatoday.com,Genderqueer,28.114.25.204
832,Dana,Dering,dderingn3@mozilla.com,Genderfluid,252.161.63.143
,Xerxes,O'dell,xodelln4@eepurl.com,,85.249.16.161
834,Arri,Scyone,ascyonen5@virginia.edu,Male,237.123.233.161
835,Papageno,Leftbridge,pleftbridgen6@nasa.gov,Male,183.145.122.148
836,Torrin,Cannicott,tcannicottn7@exblog.jp,Female,143.98.5.41
837,Dietrich,Pinner,dpinnern8@bizjournals.com,Polygender,38.148.199.137
838,Winne,Yakovliv,wyakovlivn9@vistaprint.com,Bigender,106.105.202.6
839,Ludvig,Stanyan,lstanyanna@gizmodo.com,Genderqueer,
840,Christiano,Matzkaitis,cmatzkaitisnb@feedburner.com,Non-binary,40.84.180.139
841,Shawnee,Gagin,sgaginnc@pagesperso-orange.fr,Male,36.148.23.199
842,Abra,,aleighnd@eventbrite.com,Genderqueer,12.235.58.13
843,Lexis,Rosenfelder,lrosenfelderne@wunderground.com,Male,
844,Franzen,Broy,fbroynf@vinaora.com,Genderfluid,47.39.191.225
845,Sholom,Weight,sweightng@feedburner.com,Female,73.10.78.98
846,Ronny,Duran,rdurannh@about.com,Male,231.188.1.5
847,Wilma,Pawlett,wpawlettni@aboutads.info,Agender,192.71.208.0
848,Malynda,Cardo,mcardonj@newsvine.com,Genderfluid,212.145.108.66
849,Barris,Ivantsov,bivantsovnk@si.edu,Genderqueer,85.109.248.242
850,Tammy,Kippax,tkippaxnl@networksolutions.com,Agender,130.19.100.197
851,Ginger,Freyne,gfreynenm@goo.gl,Agender,111.113.1.105
852,Currey,Mullen,cmullennn@imageshack.us,Genderqueer,206.76.201.179
853,Krystalle,Creebo,kcreebono@indiegogo.com,Non-binary,131.25.251.5
854,Tabor,Keddey,tkeddeynp@paginegialle.it,Agender,27.42.253.10
855,Emyle,Pierro,epierronq@godaddy.com,Bigender,108.33.9.53
856,Consolata,Assante,cassantenr@abc.net.au,Female,4.235.56.212
857,Enrichetta,,emooganns@nasa.gov,Female,168.201.148.132
858,Gun,Andrick,gandricknt@admin.ch,Non-binary,110.198.193.229
859,Buiron,Nealand,bnealandnu@t-online.de,Bigender,237.29.81.209
860,Missy,Hexham,mhexhamnv@ow.ly,Male,218.17.254.68
861,Vic,Tuckie,vtuckienw@seesaa.net,Bigender,177.96.152.243
862,Reinwald,Cristofaro,rcristofaronx@cyberchimps.com,Non-binary,153.156.15.209
863,Norine,Roder,nroderny@studiopress.com,Non-binary,185.58.228.124
864,Sheelah,Usborn,susbornnz@cafepress.com,Non-binary,38.93.54.247
865,Idette,Saintsbury,isaintsburyo0@theguardian.com,Female,44.82.242.231
866,Bernadette,Way,bwayo1@japanpost.jp,Male,61.77.51.77
867,Eloise,Graveson,egravesono2@example.com,Genderfluid,43.206.224.53
,Merry,Manns,mmannso3@woothemes.com,,174.93.159.128
869,Karlene,Maylin,kmaylino4@angelfire.com,Genderqueer,251.85.223.213
870,Bunny,Harley,bharleyo5@umich.edu,Genderqueer,19.45.156.194
871,Ernestus,Creggan,ecreggano6@geocities.jp,Genderqueer,184.78.86.100
872,Melosa,Grigoroni,mgrigoronio7@photobucket.com,Agender,209.70.27.107
873,Derry,Innocenti,dinnocentio8@statcounter.com,Agender,
874,Edmon,Troker,etrokero9@japanpost.jp,Genderfluid,211.184.30.4
875,Goldie,Dalinder,gdalinderoa@opensource.org,Genderqueer,134.41.163.247
876,Gerard,Aldhous,galdhousob@cnet.com,Female,121.97.8.193
877,George,,gbeedelloc@webeden.co.uk,Male,141.86.222.84
878,Beatriz,Spaducci,bspaducciod@topsy.com,Female,61.81.50.10
879,Aguste,Riccelli,ariccellioe@disqus.com,Genderqueer,164.98.69.237
880,Rozalin,Armatidge,rarmatidgeof@miibeian.gov.cn,Non-binary,129.44.102.245
881,Fredelia,Dunstan,fdunstanog@deviantart.com,Polygender,221.248.180.212
882,Otha,Gillivrie,ogillivrieoh@addtoany.com,Non-binary,77.199.152.232
883,Pincus,Glozman,pglozmanoi@patch.com,Genderqueer,140.166.122.218
884,Murdoch,Petasch,mpetaschoj@lycos.com,Agender,136.144.25.157
885,Isahella,Iwanczyk,iiwanczykok@sciencedirect.com,Genderqueer,45.163.67.252
886,Ruthy,,rsootsol@ezinearticles.com,Bigender,230.103.156.76
887,Edan,Greaser,egreaserom@ameblo.jp,Bigender,45.102.21.81
888,Lari,Skellen,lskellenon@unc.edu,Polygender,194.54.99.178
889,Esmaria,Troutbeck,etroutbeckoo@youtube.com,Non-binary,55.197.39.131
890,Jackqueline,Hembling,jhemblingop@google.ru,Genderfluid,194.231.50.5
891,Jayme,,jshewoq@umn.edu,Female,87.196.133.30
892,Althea,,akliemkeor@google.com.br,Non-binary,10.162.26.169
893,Lian,,lratrayos@go.com,Non-binary,86.219.44.80
894,Gearard,,gsmallacombeot@answers.com,Female,
895,Markus,Trusse,mtrusseou@thetimes.co.uk,Polygender,229.147.39.177
896,Efrem,Quartly,equartlyov@springer.com,Male,146.69.84.183
897,Valencia,Cockaday,vcockadayow@squidoo.com,Genderfluid,222.112.77.173
898,Marcella,Aicken,maickenox@webnode.com,Polygender,75.213.128.7
899,Fancy,Pittwood,fpittwoodoy@webmd.com,Polygender,50.41.14.25
900,Olly,Higounet,ohigounetoz@nature.com,Bigender,107.233.69.61
901,Blinny,Klimuk,bklimukp0@squarespace.com,Non-binary,
902,Ceil,O'Dyvoie,codyvoiep1@intel.com,Agender,153.153.215.194
903,Trude,Vaggers,tvaggersp2@upenn.edu,Agender,110.171.252.152
904,Tiffany,,tgatlingp3@paginegialle.it,Female,60.173.188.235
905,Janis,Brosio,jbrosiop4@nytimes.com,Bigender,197.168.176.203
906,Zora,Goulden,zgouldenp5@cbc.ca,Agender,157.33.149.37
907,Sileas,Chieco,schiecop6@webmd.com,Non-binary,19.49.146.236
908,Abeu,Kenny,akennyp7@drupal.org,Non-binary,66.9.82.76
909,Galina,,gbuzzap8@tmall.com,Female,60.92.223.220
910,Danella,Schrir,dschrirp9@baidu.com,Male,223.210.136.123
911,Carr,Laurencot,claurencotpa@123-reg.co.uk,Polygender,84.236.0.115
912,Alicea,McGiff,amcgiffpb@guardian.co.uk,Male,107.108.178.48
913,Cicily,Rummery,crummerypc@biglobe.ne.jp,Non-binary,177.33.1.157
914,Alvin,Harral,aharralpd@nature.com,Bigender,155.72.203.43
915,Cyb,Bowfin,cbowfinpe@europa.eu,Polygender,95.65.32.85
916,Alva,Khoter,akhoterpf@wired.com,Genderqueer,187.63.164.63
917,Lynette,Einchcombe,leinchcombepg@va.gov,Agender,24.102.38.174
918,Fawn,Yerrall,fyerrallph@acquirethisname.com,Polygender,51.131.103.246
919,Colver,Allred,callredpi@fastcompany.com,Bigender,19.5.193.226
920,Saudra,Grzeszczak,sgrzeszczakpj@msu.edu,Female,128.195.170.14
921,Alanson,Oakman,aoakmanpk@artisteer.com,Agender,
922,Barb,Merit,bmeritpl@va.gov,Agender,189.253.192.146
923,Hakim,Lofthouse,hlofthousepm@gravatar.com,Genderfluid,184.95.56.13
924,Hayden,Pendall,hpendallpn@qq.com,Polygender,130.78.39.242
925,Farand,Schutze,fschutzepo@hostgator.com,Polygender,52.124.252.1
926,Ibrahim,Ferrarotti,iferrarottipp@parallels.com,Genderfluid,102.142.203.182
927,Thibaud,Daleman,tdalemanpq@privacy.gov.au,Bigender,58.35.141.237
928,Christiane,Freeborn,cfreebornpr@yolasite.com,Bigender,170.48.45.226
,Constantino,Daskiewicz,cdaskiewiczps@google.co.uk,,201.245.235.144
930,Magdaia,Whitehead,mwhiteheadpt@europa.eu,Non-binary,108.248.44.192
931,Mona,Edgley,medgleypu@google.nl,Genderfluid,55.116.178.77
932,Gelya,Toten,gtotenpv@dropbox.com,Non-binary,184.50.131.152
933,Sunshine,Langsdon,slangsdonpw@dailymail.co.uk,Polygender,197.50.60.253
934,Bunni,Poltone,bpoltonepx@a8.net,Polygender,241.202.75.114
935,Benedikt,Crinage,bcrinagepy@gov.uk,Agender,154.11.132.145
936,Sarge,Berns,sbernspz@symantec.com,Polygender,167.31.123.27
,Kipp,Wrightam,kwrightamq0@icq.com,,224.237.219.80
938,Siegfried,Philip,sphilipq1@census.gov,Genderfluid,10.161.61.184
939,Orran,Driffield,odriffieldq2@mozilla.org,Female,148.36.233.31
940,Franzen,Sheavills,fsheavillsq3@topsy.com,Agender,222.248.44.208
941,Irina,,imacalindenq4@jugem.jp,Male,56.18.159.49
942,Joel,Willson,jwillsonq5@1und1.de,Non-binary,31.3.41.99
943,Grace,,gscothorneq6@elpais.com,Female,227.96.254.11
944,,Kovnot,,Polygender,177.184.239.154
945,Illa,MacLise,imacliseq8@home.pl,Female,1.226.211.160
946,Vinny,Sabattier,vsabattierq9@sogou.com,Non-binary,170.208.6.20
,Chiarra,Hasnney,chasnneyqa@archive.org,,90.70.58.226
948,Mart,,mmcclymondqb@surveymonkey.com,Female,89.179.72.156
949,Tremain,,tmuffinqc@icq.com,Non-binary,223.17.108.38
950,Petronia,,pdurradqd@hud.gov,Female,233.132.10.7
951,Nona,Strotton,nstrottonqe@bizjournals.com,Female,93.158.242.227
952,Darb,Micallef,dmicallefqf@wikispaces.com,Genderfluid,13.105.170.243
953,Maible,Land,mlandqg@uol.com.br,Non-binary,251.41.75.57
954,Rodolfo,Scourge,rscourgeqh@yahoo.co.jp,Female,130.250.95.218
955,Sheila,Diano,sdianoqi@youku.com,Male,42.1.203.95
956,Wilek,Gerhts,wgerhtsqj@unicef.org,Genderfluid,179.164.40.111
957,Ric,Hanssmann,rhanssmannqk@ft.com,Genderqueer,8.36.160.237
958,Barclay,Kmietsch,bkmietschql@reverbnation.com,Female,250.89.245.63
959,Letti,Mucillo,lmucilloqm@360.cn,Male,234.85.139.161
960,Cristabel,O'Dowgaine,codowgaineqn@pagesperso-orange.fr,Genderfluid,132.104.67.172
961,Mattie,Gorusso,mgorussoqo@vk.com,Genderqueer,218.134.45.42
962,Horacio,Ovise,hoviseqp@goo.ne.jp,Genderqueer,196.152.63.246
963,Patty,Munro,pmunroqq@simplemachines.org,Female,235.206.182.33
964,Desmond,Collete,dcolleteqr@nhs.uk,Genderqueer,178.237.101.173
965,Jake,Garie,jgarieqs@dyndns.org,Non-binary,112.249.188.74
966,Emanuel,Kimberley,ekimberleyqt@oaic.gov.au,Genderqueer,218.31.133.118
967,Sheilakathryn,Hawson,shawsonqu@mtv.com,Non-binary,20.23.226.251
968,Banky,Dymick,bdymickqv@exblog.jp,Female,65.176.151.157
969,Dag,Pendreigh,dpendreighqw@nymag.com,Non-binary,209.52.98.61
970,,Lethbridge,,Female,219.16.141.175
971,Loree,Mcimmie,lmcimmieqy@netvibes.com,Genderqueer,46.179.158.179
972,Cary,Itzkovici,citzkoviciqz@posterous.com,Bigender,188.49.212.95
973,Drud,Blannin,dblanninr0@craigslist.org,Polygender,157.6.24.102
974,Dionisio,Bumfrey,dbumfreyr1@topsy.com,Bigender,194.117.130.160
975,Denys,Baudon,dbaudonr2@ehow.com,Genderfluid,219.218.171.57
976,Pip,Pawlik,ppawlikr3@auda.org.au,Non-binary,118.136.249.63
977,Anallise,Ilyin,ailyinr4@posterous.com,Non-binary,35.32.8.16
978,Sully,Arnaez,sarnaezr5@naver.com,Polygender,48.133.33.17
979,Bernice,Aimeric,baimericr6@vimeo.com,Non-binary,27.171.249.145
980,Mersey,Thorne,mthorner7@fda.gov,Female,178.31.15.15
981,Angie,,arumminsr8@livejournal.com,Genderfluid,185.197.155.160
982,Genia,Rowling,growlingr9@yolasite.com,Agender,15.37.140.117
983,Maure,Iorio,mioriora@wufoo.com,Genderfluid,110.46.232.97
984,Sandy,Toope,stooperb@opera.com,Male,
985,Beverlie,Merrill,bmerrillrc@hao123.com,Non-binary,
986,Errol,Gagie,egagierd@ihg.com,Male,176.242.141.198
987,Karlyn,Hacksby,khacksbyre@hatena.ne.jp,Agender,
988,Yurik,Fidal,yfidalrf@jalbum.net,Genderqueer,60.93.228.236
989,Kiah,Gietz,kgietzrg@buzzfeed.com,Genderfluid,159.136.102.154
990,Ketti,Phuprate,kphupraterh@sbwire.com,Genderqueer,109.166.63.183
991,Tierney,Kenyam,tkenyamri@wufoo.com,Genderqueer,134.194.253.89
992,Zebadiah,Mattevi,zmattevirj@ed.gov,Genderqueer,177.245.129.50
993,Carolina,,cfullstonerk@cnet.com,Male,65.251.149.96
994,Min,O'Scandall,moscandallrl@pagesperso-orange.fr,Agender,113.238.60.204
995,Fleming,Kinnin,fkinninrm@yandex.ru,Female,198.122.190.184
,Isaak,Sciusscietto,isciussciettorn@nytimes.com,,
997,Dacey,Heffernan,dheffernanro@devhub.com,Agender,
998,Fergus,Prestige,fprestigerp@yahoo.co.jp,Polygender,31.161.136.176
999,Powell,Alexsandrev,palexsandrevrq@scientificamerican.com,Bigender,135.57.118.75
1000,Barbabra,Shuker,bshukerrr@flickr.com,Female,118.243.197.118
